exact_date,CO2_concentration,t,month
1958-03-17,1.4297877877369274,0.2083333333333333,3
1958-04-17,3.1119365776654035,0.2916666666666667,4
1958-05-17,3.104085367593882,0.375,5
1958-07-17,1.3183829474508002,0.5416666666666666,7
1958-08-17,0.32053173737926954,0.625,8
1958-09-17,-1.4673194726922816,0.7083333333333334,9
1958-11-17,-1.4830218928353815,0.875,11
1958-12-17,-0.21087310290687356,0.9583333333333334,12
1959-01-17,0.6312756870215708,1.0416666666666667,1
1959-02-17,1.463424476950081,1.125,2
1959-03-17,1.5655732668784594,1.2083333333333333,3
1959-04-17,2.5677220568069856,1.2916666666666667,4
1959-05-17,3.069870846735455,1.375,5
1959-06-17,2.862019636663888,1.4583333333333333,6
1959-07-17,1.1841684265923504,1.5416666666666667,7
1959-08-17,-0.6236827834791825,1.625,8
1959-09-17,-1.6515339935507427,1.7083333333333333,9
1959-10-17,-2.2293852036222574,1.7916666666666667,10
1959-11-17,-0.8172364136937631,1.875,11
1959-12-17,-0.11508762376536197,1.9583333333333333,12
1960-01-17,0.6670611661631369,2.0416666666666665,1
1960-02-17,1.1492099560916245,2.125,2
1960-03-17,1.6813587460200665,2.2083333333333335,3
1960-04-17,3.0635075359485313,2.2916666666666665,4
1960-05-17,4.005656325876998,2.375,5
1960-06-17,3.487805115805429,2.4583333333333335,6
1960-07-17,2.009953905733937,2.5416666666666665,7
1960-08-17,-0.33789730433761633,2.625,8
1960-09-17,-2.1357485144091584,2.7083333333333335,9
1960-10-17,-2.543599724480714,2.7916666666666665,10
1960-11-17,-1.441450934552222,2.875,11
1960-12-17,-0.31930214462374806,2.9583333333333335,12
1961-01-17,0.31284664530471673,3.0416666666666665,1
1961-02-17,1.0549954352331383,3.125,2
1961-03-17,1.8271442251616463,3.2083333333333335,3
1961-04-17,2.69929301509012,3.2916666666666665,4
1961-05-17,3.7314418050185623,3.375,5
1961-06-17,2.8535905949469793,3.4583333333333335,6
1961-07-17,1.5857393848754668,3.5416666666666665,7
1961-08-17,-0.2621118251960297,3.625,8
1961-09-17,-2.129963035267565,3.7083333333333335,9
1961-10-17,-1.8778142453390956,3.7916666666666665,10
1961-11-17,-1.1556654554106558,3.875,11
1961-12-17,-0.31351666548221147,3.9583333333333335,12
1962-01-17,0.5486321244462715,4.041666666666667,1
1962-02-17,1.0907809143747613,4.125,2
1962-03-17,2.152929704303176,4.208333333333333,3
1962-04-17,2.9750784942316386,4.291666666666667,4
1962-05-17,3.3572272841601034,4.375,5
1962-06-17,2.8893760740886023,4.458333333333333,6
1962-07-17,1.8115248640170876,4.541666666666667,7
1962-08-17,-0.4663263460545295,4.625,8
1962-09-17,-1.6841775561260306,4.708333333333333,9
1962-10-17,-2.5820287661975385,4.791666666666667,10
1962-11-17,-1.3798799762690805,4.875,11
1962-12-17,-0.4377311863406135,4.958333333333333,12
1963-01-17,0.5344176035878263,5.041666666666667,1
1963-02-17,0.7965663935162866,5.125,2
1963-03-17,1.5187151834447832,5.208333333333333,3
1963-04-17,2.970863973373241,5.291666666666667,4
1963-05-17,3.773012763301665,5.375,5
1963-06-17,2.9351615532301594,5.458333333333333,6
1963-07-17,1.1273103431586264,5.541666666666667,7
1963-08-17,-0.9105408669129247,5.625,8
1963-09-17,-2.538392076984451,5.708333333333333,9
1963-10-17,-2.826243287056002,5.791666666666667,10
1963-11-17,-1.8140944971275417,5.875,11
1963-12-17,-0.601945707199036,5.958333333333333,12
1964-01-17,0.5502030827294107,6.041666666666667,1
1964-05-17,2.9587982424432653,6.375,5
1964-06-17,2.530947032371728,6.458333333333333,6
1964-07-17,1.0130958223001585,6.541666666666667,7
1964-08-17,-0.8047553877713653,6.625,8
1964-09-17,-2.8626065978428983,6.708333333333333,9
1964-10-17,-2.760457807914406,6.791666666666667,10
1964-11-17,-2.0183090179859278,6.875,11
1964-12-17,-1.0561602280575357,6.958333333333333,12
1965-01-17,-0.3940114381290414,7.041666666666667,1
1965-02-17,0.5381373517994348,7.125,2
1965-03-17,0.9202861417278996,7.208333333333333,3
1965-04-17,2.102434931656319,7.291666666666667,4
1965-05-17,2.0645837215848246,7.375,5
1965-06-17,1.6967325115132894,7.458333333333333,6
1965-07-17,0.9688813014417406,7.541666666666667,7
1965-08-17,-1.4389699086297583,7.625,8
1965-09-17,-2.5568211187013503,7.708333333333333,9
1965-10-17,-3.144672328772856,7.791666666666667,10
1965-11-17,-1.6425235388443866,7.875,11
1965-12-17,-1.160374748915899,7.958333333333333,12
1966-01-17,-0.02822595898749114,8.041666666666666,1
1966-02-17,0.8839228309410032,8.125,2
1966-03-17,1.606071620869443,8.208333333333334,3
1966-04-17,2.8482204107979214,8.291666666666666,4
1966-05-17,3.160369200726393,8.375,5
1966-06-17,2.7625179906548283,8.458333333333334,6
1966-07-17,1.3246667805833,8.541666666666666,7
1966-08-17,-0.7631844294882058,8.625,8
1966-09-17,-2.551035639559757,8.708333333333334,9
1966-10-17,-3.1588868496312443,8.791666666666666,10
1966-11-17,-1.546738059702875,8.875,11
1966-12-17,-0.36458926977439887,8.958333333333334,12
1967-01-17,0.8675595201540887,9.041666666666666,1
1967-02-17,0.9697083100825807,9.125,2
1967-03-17,1.4418571000110205,9.208333333333334,3
1967-04-17,2.754005889939492,9.291666666666666,4
1967-05-17,3.2661546798679524,9.375,5
1967-06-17,2.2883034697964035,9.458333333333334,6
1967-07-17,0.6704522597249252,9.541666666666666,7
1967-08-17,-1.01739895034666,9.625,8
1967-09-17,-2.7552501604182,9.708333333333334,9
1967-10-17,-2.6831013704897373,9.791666666666666,10
1967-11-17,-1.4109525805612293,9.875,11
1967-12-17,-0.24880379063284863,9.958333333333334,12
1968-01-17,0.2933449992956412,10.041666666666666,1
1968-02-17,0.8054937892241014,10.125,2
1968-03-17,1.4776425791525867,10.208333333333334,3
1968-04-17,2.5397913690810583,10.291666666666666,4
1968-05-17,3.021940159009489,10.375,5
1968-06-17,2.7440889489379856,10.458333333333334,6
1968-07-17,1.4562377388664345,10.541666666666666,7
1968-08-17,-0.6416134712050621,10.625,8
1968-09-17,-2.4894646812766155,10.708333333333334,9
1968-10-17,-2.6373158913481802,10.791666666666666,10
1968-11-17,-1.6351671014197109,10.875,11
1968-12-17,-0.13301831149124155,10.958333333333334,12
1969-01-17,0.9091304784372483,11.041666666666666,1
1969-02-17,1.2612792683656835,11.125,2
1969-03-17,2.403428058294139,11.208333333333334,3
1969-04-17,3.365576848222645,11.291666666666666,4
1969-05-17,4.0177256381510915,11.375,5
1969-06-17,3.2798744280795518,11.458333333333334,6
1969-07-17,2.382023218007987,11.541666666666666,7
1969-08-17,0.09417200793649272,11.625,8
1969-09-17,-1.2536792021350607,11.708333333333334,9
1969-10-17,-1.9215304122066073,11.791666666666666,10
1969-11-17,-0.9193816222781379,11.875,11
1969-12-17,0.28276716765032006,11.958333333333334,12
1970-01-17,1.154915957578794,12.041666666666666,1
1970-02-17,2.007064747507286,12.125,2
1970-03-17,2.889213537435751,12.208333333333334,3
1970-04-17,4.021362327364159,12.291666666666666,4
1970-05-17,3.9035111172926236,12.375,5
1970-06-17,3.4256599072211316,12.458333333333334,6
1970-07-17,2.027808697149567,12.541666666666666,7
1970-08-17,0.30995748707800885,12.625,8
1970-09-17,-1.34789372299349,12.708333333333334,9
1970-10-17,-1.4557449330650343,12.791666666666666,10
1970-11-17,-0.5735961431365695,12.875,11
1970-12-17,0.47855264679191123,12.958333333333334,12
1971-01-17,1.450701436720351,13.041666666666666,1
1971-02-17,1.892850226648818,13.125,2
1971-03-17,2.3249990165772942,13.208333333333334,3
1971-04-17,2.867147806505784,13.291666666666666,4
1971-05-17,3.9392965964342466,13.375,5
1971-06-17,3.5114453863626522,13.458333333333334,6
1971-07-17,2.233594176291149,13.541666666666666,7
1971-08-17,0.2357429662196182,13.625,8
1971-09-17,-1.9021082438518988,13.708333333333334,9
1971-10-17,-1.7699594539234909,13.791666666666666,10
1971-11-17,-0.5978106639950056,13.875,11
1971-12-17,0.5443381259334501,13.958333333333334,12
1972-01-17,1.2364869158619172,14.041666666666666,1
1972-02-17,2.028635705790407,14.125,2
1972-03-17,2.080784495718831,14.208333333333334,3
1972-04-17,3.9829332856473343,14.291666666666666,4
1972-05-17,4.265082075575776,14.375,5
1972-06-17,3.2172308655042343,14.458333333333334,6
1972-07-17,2.099379655432699,14.541666666666666,7
1972-08-17,0.311528445361148,14.625,8
1972-09-17,-1.236322764710394,14.708333333333334,9
1972-10-17,-0.9441739747819042,14.791666666666666,10
1972-11-17,0.2879748151465833,14.875,11
1972-12-17,1.270123605075014,14.958333333333334,12
1973-01-17,2.20227239500349,15.041666666666666,1
1973-02-17,3.144421184931957,15.125,2
1973-03-17,3.8165699748604425,15.208333333333334,3
1973-04-17,4.94871876478885,15.291666666666666,4
1973-05-17,5.860867554717345,15.375,5
1973-06-17,5.383016344645796,15.458333333333334,6
1973-07-17,4.1151651345742835,15.541666666666666,7
1973-08-17,2.4873139245027573,15.625,8
1973-09-17,0.6194627144311653,15.708333333333334,9
1973-10-17,0.22161150435965737,15.791666666666666,10
1973-11-17,1.1337602942881517,15.875,11
1973-12-17,1.5459090842165892,15.958333333333334,12
1974-01-17,2.1880578741451018,16.041666666666668,1
1974-02-17,3.480206664073478,16.125,2
1974-03-17,4.182355454001993,16.208333333333332,3
1974-04-17,5.284504243930428,16.291666666666668,4
1974-05-17,5.656653033858902,16.375,5
1974-06-17,4.748801823787346,16.458333333333332,6
1974-07-17,3.610950613715829,16.541666666666668,7
1974-08-17,1.7530994036442848,16.625,8
1974-09-17,-0.2747518064272185,16.708333333333332,9
1974-10-17,-0.40260301649874464,16.791666666666668,10
1974-11-17,0.6195457734296497,16.875,11
1974-12-17,1.6616945633581395,16.958333333333332,12
1975-01-17,2.4238433532865997,17.041666666666668,1
1975-02-17,3.355992143215076,17.125,2
1975-03-17,3.9281409331435384,17.208333333333332,3
1975-04-17,5.130289723071996,17.291666666666668,4
1975-05-17,5.7224385130004976,17.375,5
1975-06-17,5.284587302928969,17.458333333333332,6
1975-07-17,3.5167360928574,17.541666666666668,7
1975-08-17,1.6088848827858442,17.625,8
1975-09-17,0.041033672714320346,17.708333333333332,9
1975-10-17,-0.24681753735723078,17.791666666666668,10
1975-11-17,0.8353312525712795,17.875,11
1975-12-17,2.0374800424997375,17.958333333333332,12
1976-01-17,2.959628832428166,18.041666666666668,1
1976-02-17,3.7017776223566443,18.125,2
1976-03-17,4.573926412285118,18.208333333333332,3
1976-04-17,5.5860752022135785,18.291666666666668,4
1976-05-17,5.818223992142009,18.375,5
1976-06-17,5.200372782070474,18.458333333333332,6
1976-07-17,3.8525215719989774,18.541666666666668,7
1976-08-17,1.67467036192744,18.625,8
1976-09-17,-0.033180848144070296,18.708333333333332,9
1976-10-17,-0.4610320582156646,18.791666666666668,10
1976-11-17,0.8411167317128161,18.875,11
1976-12-17,2.143265521641297,18.958333333333332,12
1977-01-17,3.325414311569773,19.041666666666668,1
1977-02-17,3.7475631014982014,19.125,2
1977-03-17,4.95971189142665,19.208333333333332,3
1977-04-17,6.261860681355131,19.291666666666668,4
1977-05-17,6.874009471283614,19.375,5
1977-06-17,6.326158261212072,19.458333333333332,6
1977-07-17,4.908307051140525,19.541666666666668,7
1977-08-17,2.6704558410689856,19.625,8
1977-09-17,1.4426046309974367,19.708333333333332,9
1977-10-17,0.9447534209259629,19.791666666666668,10
1977-11-17,2.1169022108543913,19.875,11
1977-12-17,3.499051000782856,19.958333333333332,12
1978-01-17,4.551199790711337,20.041666666666668,1
1978-02-17,4.903348580639772,20.125,2
1978-03-17,6.085497370568248,20.208333333333332,3
1978-04-17,7.137646160496672,20.291666666666668,4
1978-05-17,7.319794950425148,20.375,5
1978-06-17,7.141943740353611,20.458333333333332,6
1978-07-17,5.71409253028213,20.541666666666668,7
1978-08-17,3.7862413202105927,20.625,8
1978-09-17,1.798390110138996,20.708333333333332,9
1978-10-17,1.5205389000674927,20.791666666666668,10
1978-11-17,2.8226876899959734,20.875,11
1978-12-17,3.7848364799244223,20.958333333333332,12
1979-01-17,4.996985269852871,21.041666666666668,1
1979-02-17,5.45913405978132,21.125,2
1979-03-17,6.591282849709785,21.208333333333332,3
1979-04-17,7.443431639638277,21.291666666666668,4
1979-05-17,7.965580429566785,21.375,5
1979-06-17,7.717729219495197,21.458333333333332,6
1979-07-17,6.089878009423671,21.541666666666668,7
1979-08-17,4.382026799352104,21.625,8
1979-09-17,2.1441755892806214,21.708333333333332,9
1979-10-17,2.0163243792090952,21.791666666666668,10
1979-11-17,3.3784731691375214,21.875,11
1979-12-17,4.750621959065995,21.958333333333332,12
1980-01-17,5.962770748994444,22.041666666666668,1
1980-02-17,6.244919538922943,22.125,2
1980-03-17,7.887068328851342,22.208333333333332,3
1980-04-17,8.509217118779816,22.291666666666668,4
1980-05-17,9.151365908708328,22.375,5
1980-06-17,8.783514698636793,22.458333333333332,6
1980-07-17,7.105663488565256,22.541666666666668,7
1980-08-17,5.077812278493695,22.625,8
1980-09-17,3.2899610684221443,22.708333333333332,9
1980-10-17,3.362109858350607,22.791666666666668,10
1980-11-17,4.374258648279124,22.875,11
1980-12-17,5.4164074382075,22.958333333333332,12
1981-01-17,6.378556228136006,23.041666666666668,1
1981-02-17,7.550705018064491,23.125,2
1981-03-17,8.382853807992944,23.208333333333332,3
1981-04-17,9.435002597921425,23.291666666666668,4
1981-05-17,9.77715138784987,23.375,5
1981-06-17,9.04930017777832,23.458333333333332,6
1981-07-17,7.221448967706806,23.541666666666668,7
1981-08-17,5.09359775763528,23.625,8
1981-09-17,3.285746547563747,23.708333333333332,9
1981-10-17,3.387895337492182,23.791666666666668,10
1981-11-17,4.820044127420658,23.875,11
1981-12-17,6.002192917349134,23.958333333333332,12
1982-01-17,7.074341707277597,24.041666666666668,1
1982-02-17,7.86649049720603,24.125,2
1982-03-17,8.888639287134481,24.208333333333332,3
1982-04-17,9.690788077062962,24.291666666666668,4
1982-05-17,10.192936866991431,24.375,5
1982-06-17,9.335085656919887,24.458333333333332,6
1982-07-17,7.9772344468483425,24.541666666666668,7
1982-08-17,5.659383236776819,24.625,8
1982-09-17,3.7615320267053107,24.708333333333332,9
1982-10-17,3.5736808166337823,24.791666666666668,10
1982-11-17,4.905829606562179,24.875,11
1982-12-17,6.067978396490673,24.958333333333332,12
1983-01-17,6.890127186419136,25.041666666666668,1
1983-02-17,7.962275976347598,25.125,2
1983-03-17,8.474424766276115,25.208333333333332,3
1983-04-17,10.24657355620451,25.291666666666668,4
1983-05-17,10.998722346132979,25.375,5
1983-06-17,10.490871136061457,25.458333333333332,6
1983-07-17,9.083019925989959,25.541666666666668,7
1983-08-17,7.415168715918412,25.625,8
1983-09-17,4.8373175058468405,25.708333333333332,9
1983-10-17,4.889466295775321,25.791666666666668,10
1983-11-17,5.9816150857037655,25.875,11
1983-12-17,7.7537638756322735,25.958333333333332,12
1984-01-17,8.395912665560672,26.041666666666668,1
1984-02-17,9.12806145548916,26.125,2
1984-03-17,9.840210245417609,26.208333333333332,3
1984-04-17,11.542359035346124,26.291666666666668,4
1984-05-17,11.854507825274538,26.375,5
1984-06-17,11.156656615203019,26.458333333333332,6
1984-07-17,9.67880540513147,26.541666666666668,7
1984-08-17,7.500954195059933,26.625,8
1984-09-17,5.223102984988429,26.708333333333332,9
1984-10-17,5.435251774916878,26.791666666666668,10
1984-11-17,6.99740056484535,26.875,11
1984-12-17,8.169549354773835,26.958333333333332,12
1985-01-17,8.851698144702311,27.041666666666668,1
1985-02-17,9.80384693463077,27.125,2
1985-03-17,11.165995724559195,27.208333333333332,3
1985-04-17,12.028144514487678,27.291666666666668,4
1985-05-17,12.540293304416139,27.375,5
1985-06-17,11.792442094344608,27.458333333333332,6
1985-07-17,10.03459088427303,27.541666666666668,7
1985-08-17,8.07673967420152,27.625,8
1985-09-17,6.428888464129955,27.708333333333332,9
1985-10-17,6.071037254058467,27.791666666666668,10
1985-11-17,7.443186043986941,27.875,11
1985-12-17,8.695334833915354,27.958333333333332,12
1986-01-17,9.367483623843839,28.041666666666668,1
1986-02-17,9.949632413772292,28.125,2
1986-03-17,10.781781203700803,28.208333333333332,3
1986-04-17,12.41392999362921,28.291666666666668,4
1986-05-17,13.006078783557655,28.375,5
1986-06-17,12.278227573486163,28.458333333333332,6
1986-07-17,10.600376363414625,28.541666666666668,7
1986-08-17,8.492525153343081,28.625,8
1986-09-17,7.374673943271546,28.708333333333332,9
1986-10-17,6.626822733200015,28.791666666666668,10
1986-11-17,8.0489715231285,28.875,11
1986-12-17,9.221120313056929,28.958333333333332,12
1987-01-17,10.27326910298541,29.041666666666668,1
1987-02-17,10.665417892913865,29.125,2
1987-03-17,11.537566682842339,29.208333333333332,3
1987-04-17,13.029715472770818,29.291666666666668,4
1987-05-17,13.831864262699298,29.375,5
1987-06-17,13.174013052627686,29.458333333333332,6
1987-07-17,11.356161842556162,29.541666666666668,7
1987-08-17,9.87831063248467,29.625,8
1987-09-17,8.160459422413112,29.708333333333332,9
1987-10-17,8.002608212341556,29.791666666666668,10
1987-11-17,9.384757002270021,29.875,11
1987-12-17,10.466905792198475,29.958333333333332,12
1988-01-17,11.869054582126978,30.041666666666668,1
1988-02-17,13.101203372055465,30.125,2
1988-03-17,13.523352161983894,30.208333333333332,3
1988-04-17,14.825500951912318,30.291666666666668,4
1988-05-17,15.387649741840846,30.375,5
1988-06-17,14.899798531769306,30.458333333333332,6
1988-07-17,13.411947321697767,30.541666666666668,7
1988-08-17,11.394096111626197,30.625,8
1988-09-17,9.626244901554685,30.708333333333332,9
1988-10-17,9.708393691483138,30.791666666666668,10
1988-11-17,10.830542481411612,30.875,11
1988-12-17,12.03269127134007,30.958333333333332,12
1989-01-17,13.384840061268505,31.041666666666668,1
1989-02-17,13.626988851196984,31.125,2
1989-03-17,14.169137641125474,31.208333333333332,3
1989-04-17,15.841286431053959,31.291666666666668,4
1989-05-17,16.02343522098238,31.375,5
1989-06-17,15.405584010910843,31.458333333333332,6
1989-07-17,14.117732800839292,31.541666666666668,7
1989-08-17,11.819881590767807,31.625,8
1989-09-17,9.89203038069627,31.708333333333332,9
1989-10-17,10.004179170624695,31.791666666666668,10
1989-11-17,11.246327960553174,31.875,11
1989-12-17,12.39847675048162,31.958333333333332,12
1990-01-17,13.47062554041014,32.041666666666664,1
1990-02-17,14.442774330338523,32.125,2
1990-03-17,15.054923120267006,32.208333333333336,3
1990-04-17,15.807071910195475,32.291666666666664,4
1990-05-17,16.699220700123988,32.375,5
1990-06-17,15.701369490052457,32.458333333333336,6
1990-07-17,14.21351827998086,32.541666666666664,7
1990-08-17,12.24566706990936,32.625,8
1990-09-17,10.22781585983779,32.708333333333336,9
1990-10-17,10.379964649766293,32.791666666666664,10
1990-11-17,11.96211343969469,32.875,11
1990-12-17,13.274262229623162,32.958333333333336,12
1991-01-17,13.716411019551686,33.041666666666664,1
1991-02-17,14.678559809480134,33.125,2
1991-03-17,16.020708599408636,33.208333333333336,3
1991-04-17,17.392857389337053,33.291666666666664,4
1991-05-17,18.06500617926548,33.375,5
1991-06-17,16.89715496919399,33.458333333333336,6
1991-07-17,14.759303759122474,33.541666666666664,7
1991-08-17,12.531452549050869,33.625,8
1991-09-17,10.603601338979331,33.708333333333336,9
1991-10-17,10.59575012890781,33.791666666666664,10
1991-11-17,12.067898918836306,33.875,11
1991-12-17,13.240047708764791,33.958333333333336,12
1992-01-17,14.17219649869321,34.041666666666664,1
1992-02-17,14.834345288621705,34.125,2
1992-03-17,15.856494078550156,34.208333333333336,3
1992-04-17,17.128642868478607,34.291666666666664,4
1992-05-17,17.57079165840713,34.375,5
1992-06-17,17.092940448335526,34.458333333333336,6
1992-07-17,14.795089238263984,34.541666666666664,7
1992-08-17,12.707238028192478,34.625,8
1992-09-17,10.649386818120945,34.708333333333336,9
1992-10-17,10.881535608049433,34.791666666666664,10
1992-11-17,11.663684397977875,34.875,11
1992-12-17,12.835833187906303,34.958333333333336,12
1993-01-17,14.06798197783479,35.041666666666664,1
1993-02-17,14.470130767763294,35.125,2
1993-03-17,15.612279557691693,35.208333333333336,3
1993-04-17,16.624428347620153,35.291666666666664,4
1993-05-17,17.376577137548622,35.375,5
1993-06-17,16.62872592747715,35.458333333333336,6
1993-07-17,14.530874717405595,35.541666666666664,7
1993-08-17,12.413023507334003,35.625,8
1993-09-17,10.515172297262495,35.708333333333336,9
1993-10-17,10.747321087190983,35.791666666666664,10
1993-11-17,12.029469877119425,35.875,11
1993-12-17,13.42161866704788,35.958333333333336,12
1994-01-17,14.92376745697635,36.041666666666664,1
1994-02-17,15.395916246904847,36.125,2
1994-03-17,16.388065036833325,36.208333333333336,3
1994-04-17,17.610213826761765,36.291666666666664,4
1994-05-17,17.97236261669019,36.375,5
1994-06-17,17.154511406618667,36.458333333333336,6
1994-07-17,15.696660196547157,36.541666666666664,7
1994-08-17,13.55880898647564,36.625,8
1994-09-17,11.850957776404016,36.708333333333336,9
1994-10-17,11.943106566332517,36.791666666666664,10
1994-11-17,13.455255356260977,36.875,11
1994-12-17,14.84740414618949,36.958333333333336,12
1995-01-17,15.709552936117973,37.041666666666664,1
1995-02-17,16.671701726046365,37.125,2
1995-03-17,17.233850515974837,37.208333333333336,3
1995-04-17,18.985999305903306,37.291666666666664,4
1995-05-17,19.268148095831805,37.375,5
1995-06-17,18.660296885760204,37.458333333333336,6
1995-07-17,17.222445675688675,37.541666666666664,7
1995-08-17,14.714594465617154,37.625,8
1995-09-17,13.246743255545653,37.708333333333336,9
1995-10-17,12.878892045474117,37.791666666666664,10
1995-11-17,14.621040835402539,37.875,11
1995-12-17,15.693189625331001,37.958333333333336,12
1996-01-17,16.9753384152595,38.041666666666664,1
1996-02-17,18.097487205187974,38.125,2
1996-03-17,18.809635995116423,38.208333333333336,3
1996-04-17,19.43178478504484,38.291666666666664,4
1996-05-17,20.073933574973353,38.375,5
1996-06-17,19.55608236490184,38.458333333333336,6
1996-07-17,18.168231154830266,38.541666666666664,7
1996-08-17,15.930379944758727,38.625,8
1996-09-17,13.832528734687173,38.708333333333336,9
1996-10-17,13.924677524615674,38.791666666666664,10
1996-11-17,15.006826314544128,38.875,11
1996-12-17,16.508975104472597,38.958333333333336,12
1997-01-17,17.29112389440104,39.041666666666664,1
1997-02-17,18.033272684329518,39.125,2
1997-03-17,18.535421474257987,39.208333333333336,3
1997-04-17,20.257570264186484,39.291666666666664,4
1997-05-17,20.63971905411489,39.375,5
1997-06-17,19.401867844043352,39.458333333333336,6
1997-07-17,18.17401663397186,39.541666666666664,7
1997-08-17,16.13616542390031,39.625,8
1997-09-17,13.758314213828783,39.708333333333336,9
1997-10-17,14.270463003757186,39.791666666666664,10
1997-11-17,15.862611793685687,39.875,11
1997-12-17,17.64476058361413,39.958333333333336,12
1998-01-17,18.626909373542617,40.041666666666664,1
1998-02-17,19.379058163471086,40.125,2
1998-03-17,20.47120695339953,40.208333333333336,3
1998-04-17,21.703355743328018,40.291666666666664,4
1998-05-17,22.325504533256492,40.375,5
1998-06-17,21.837653323184952,40.458333333333336,6
1998-07-17,20.52980211311342,40.541666666666664,7
1998-08-17,18.601950903041825,40.625,8
1998-09-17,16.654099692970306,40.708333333333336,9
1998-10-17,16.916248482898823,40.791666666666664,10
1998-11-17,18.07839727282726,40.875,11
1998-12-17,19.520546062755727,40.958333333333336,12
1999-01-17,20.632694852684153,41.041666666666664,1
1999-02-17,21.284843642612657,41.125,2
1999-03-17,21.936992432541103,41.208333333333336,3
1999-04-17,23.419141222469534,41.291666666666664,4
1999-05-17,23.211290012398024,41.375,5
1999-06-17,22.493438802326523,41.458333333333336,6
1999-07-17,21.345587592254958,41.541666666666664,7
1999-08-17,18.93773638218346,41.625,8
1999-09-17,16.579885172111858,41.708333333333336,9
1999-10-17,17.002033962040343,41.791666666666664,10
1999-11-17,18.48418275196883,41.875,11
1999-12-17,19.7363315418973,41.958333333333336,12
2000-01-17,20.808480331825763,42.041666666666664,1
2000-02-17,21.060629121754175,42.125,2
2000-03-17,22.042777911682663,42.208333333333336,3
2000-04-17,23.124926701611173,42.291666666666664,4
2000-05-17,23.22707549153961,42.375,5
2000-06-17,23.01922428146804,42.458333333333336,6
2000-07-17,21.381373071396524,42.541666666666664,7
2000-08-17,19.313521861325,42.625,8
2000-09-17,17.745670651253477,42.708333333333336,9
2000-10-17,17.787819441181966,42.791666666666664,10
2000-11-17,19.279968231110388,42.875,11
2000-12-17,20.452117021038816,42.958333333333336,12
2001-01-17,21.134265810967293,43.041666666666664,1
2001-02-17,22.286414600895796,43.125,2
2001-03-17,22.83856339082422,43.208333333333336,3
2001-04-17,23.510712180752705,43.291666666666664,4
2001-05-17,24.60286097068115,43.375,5
2001-06-17,23.825009760609646,43.458333333333336,6
2001-07-17,22.067158550538124,43.541666666666664,7
2001-08-17,19.92930734046655,43.625,8
2001-09-17,18.271456130394995,43.708333333333336,9
2001-10-17,18.333604920323467,43.791666666666664,10
2001-11-17,19.855753710251975,43.875,11
2001-12-17,21.347902500180453,43.958333333333336,12
2002-01-17,22.48005129010886,44.041666666666664,1
2002-02-17,23.052200080037323,44.125,2
2002-03-17,23.424348869965797,44.208333333333336,3
2002-04-17,24.686497659894314,44.291666666666664,4
2002-05-17,25.318646449822722,44.375,5
2002-06-17,25.100795239751164,44.458333333333336,6
2002-07-17,23.652944029679645,44.541666666666664,7
2002-08-17,21.045092819608158,44.625,8
2002-09-17,20.197241609536547,44.708333333333336,9
2002-10-17,19.679390399465035,44.791666666666664,10
2002-11-17,21.441539189393495,44.875,11
2002-12-17,23.07368797932196,44.958333333333336,12
2003-01-17,23.90583676925047,45.041666666666664,1
2003-02-17,24.777985559178887,45.125,2
2003-03-17,25.200134349107373,45.208333333333336,3
2003-04-17,26.672283139035812,45.291666666666664,4
2003-05-17,27.304431928964334,45.375,5
2003-06-17,27.016580718892783,45.458333333333336,6
2003-07-17,25.41872950882123,45.541666666666664,7
2003-08-17,23.2308782987497,45.625,8
2003-09-17,21.663027088678177,45.708333333333336,9
2003-10-17,21.615175878606635,45.791666666666664,10
2003-11-17,22.897324668535077,45.875,11
2003-12-17,24.16947345846353,45.958333333333336,12
2004-01-17,25.201622248392027,46.041666666666664,1
2004-02-17,25.713771038320488,46.125,2
2004-03-17,26.665919828248946,46.208333333333336,3
2004-04-17,28.708068618177435,46.291666666666664,4
2004-05-17,28.76021740810586,46.375,5
2004-06-17,27.622366198034342,46.458333333333336,6
2004-07-17,25.764514987962798,46.541666666666664,7
2004-08-17,23.76666377789121,46.625,8
2004-09-17,21.918812567819714,46.708333333333336,9
2004-10-17,22.020961357748206,46.791666666666664,10
2004-11-17,23.57311014767663,46.875,11
2004-12-17,25.10525893760513,46.958333333333336,12
2005-01-17,25.937407727533525,47.041666666666664,1
2005-02-17,27.13955651746204,47.125,2
2005-03-17,27.541705307390487,47.208333333333336,3
2005-04-17,29.44385409731899,47.291666666666664,4
2005-05-17,29.566002887247464,47.375,5
2005-06-17,29.33815167717586,47.458333333333336,6
2005-07-17,27.850300467104375,47.541666666666664,7
2005-08-17,25.792449257032843,47.625,8
2005-09-17,23.47459804696132,47.708333333333336,9
2005-10-17,23.78674683688979,47.791666666666664,10
2005-11-17,25.2288956268182,47.875,11
2005-12-17,26.811044416746654,47.958333333333336,12
2006-01-17,28.153193206675155,48.041666666666664,1
2006-02-17,28.73534199660355,48.125,2
2006-03-17,29.20749078653205,48.208333333333336,3
2006-04-17,30.939639576460536,48.291666666666664,4
2006-05-17,31.431788366389014,48.375,5
2006-06-17,30.473937156317447,48.458333333333336,6
2006-07-17,28.656085946245923,48.541666666666664,7
2006-08-17,26.788234736174388,48.625,8
2006-09-17,25.05038352610285,48.708333333333336,9
2006-10-17,25.232532316031325,48.791666666666664,10
2006-11-17,26.244681105959785,48.875,11
2006-12-17,27.696829895888243,48.958333333333336,12
2007-01-17,28.548978685816678,49.041666666666664,1
2007-02-17,29.61112747574515,49.125,2
2007-03-17,30.17327626567362,49.208333333333336,3
2007-04-17,31.99542505560214,49.291666666666664,4
2007-05-17,32.10757384553057,49.375,5
2007-06-17,31.499722635459023,49.458333333333336,6
2007-07-17,30.001871425387492,49.541666666666664,7
2007-08-17,27.334020215315945,49.625,8
2007-09-17,26.286169005244403,49.708333333333336,9
2007-10-17,26.21831779517288,49.791666666666664,10
2007-11-17,27.650466585101356,49.875,11
2007-12-17,28.83261537502983,49.958333333333336,12
2008-01-17,30.224764164958287,50.041666666666664,1
2008-02-17,30.92691295488669,50.125,2
2008-03-17,30.849061744815174,50.208333333333336,3
2008-04-17,31.721210534743648,50.291666666666664,4
2008-05-17,33.39335932467213,50.375,5
2008-06-17,32.86550811460057,50.458333333333336,6
2008-07-17,30.997656904529038,50.541666666666664,7
2008-08-17,28.759805694457498,50.625,8
2008-09-17,27.701954484385965,50.708333333333336,9
2008-10-17,27.32410327431444,50.791666666666664,10
2008-11-17,28.486252064242876,50.875,11
2008-12-17,29.518400854171375,50.958333333333336,12
2009-01-17,30.990549644099815,51.041666666666664,1
2009-02-17,31.39269843402832,51.125,2
2009-03-17,32.72484722395677,51.208333333333336,3
2009-04-17,33.7069960138852,51.291666666666664,4
2009-05-17,34.2391448038137,51.375,5
2009-06-17,33.621293593742166,51.458333333333336,6
2009-07-17,32.00344238367063,51.541666666666664,7
2009-08-17,29.94559117359904,51.625,8
2009-09-17,28.44773996352751,51.708333333333336,9
2009-10-17,28.059888753455994,51.791666666666664,10
2009-11-17,29.712037543384497,51.875,11
2009-12-17,31.084186333312914,51.958333333333336,12
2010-01-17,32.07633512324139,52.041666666666664,1
2010-02-17,33.52848391316985,52.125,2
2010-03-17,34.400632703098324,52.208333333333336,3
2010-04-17,35.702781493026805,52.291666666666664,4
2010-05-17,36.474930282955256,52.375,5
2010-06-17,35.427079072883714,52.458333333333336,6
2010-07-17,33.449227862812165,52.541666666666664,7
2010-08-17,31.57137665274064,52.625,8
2010-09-17,29.82352544266911,52.708333333333336,9
2010-10-17,30.075674232597578,52.791666666666664,10
2010-11-17,31.517823022526045,52.875,11
2010-12-17,32.58997181245451,52.958333333333336,12
2011-01-17,34.01212060238299,53.041666666666664,1
2011-02-17,34.56426939231147,53.125,2
2011-03-17,35.026418182239865,53.208333333333336,3
2011-04-17,35.87856697216836,53.291666666666664,4
2011-05-17,36.7207157620968,53.375,5
2011-06-17,36.0628645520253,53.458333333333336,6
2011-07-17,34.89501334195376,53.541666666666664,7
2011-08-17,32.44716213188218,53.625,8
2011-09-17,31.169310921810677,53.708333333333336,9
2011-10-17,31.03145971173916,53.791666666666664,10
2011-11-17,32.27360850166758,53.875,11
2011-12-17,33.76575729159606,53.958333333333336,12
2012-01-17,34.96790608152452,54.041666666666664,1
2012-02-17,35.180054871453024,54.125,2
2012-03-17,36.12220366138149,54.208333333333336,3
2012-04-17,38.1243524513099,54.291666666666664,4
2012-05-17,38.49650124123838,54.375,5
2012-06-17,37.438650031166844,54.458333333333336,6
2012-07-17,36.01079882109531,54.541666666666664,7
2012-08-17,33.96294761102382,54.625,8
2012-09-17,32.485096400952216,54.708333333333336,9
2012-10-17,32.29724519088069,54.791666666666664,10
2012-11-17,34.16939398080916,54.875,11
2012-12-17,35.48154277073763,54.958333333333336,12
2013-01-17,36.69369156066614,55.041666666666664,1
2013-02-17,37.86584035059457,55.125,2
2013-03-17,38.20798914052301,55.208333333333336,3
2013-04-17,39.23013793045152,55.291666666666664,4
2013-05-17,40.79228672037999,55.375,5
2013-06-17,39.6144355103084,55.458333333333336,6
2013-07-17,38.04658430023687,55.541666666666664,7
2013-08-17,36.01873309016537,55.625,8
2013-09-17,33.93088188009381,55.708333333333336,9
2013-10-17,34.173030670022285,55.791666666666664,10
2013-11-17,35.595179459950714,55.875,11
2013-12-17,37.157328249879185,55.958333333333336,12
2014-01-17,38.189477039807684,56.041666666666664,1
2014-02-17,38.30162582973617,56.125,2
2014-03-17,39.60377461966459,56.208333333333336,3
2014-04-17,41.395923409593024,56.291666666666664,4
2014-05-17,41.87807219952151,56.375,5
2014-06-17,41.240220989449995,56.458333333333336,6
2014-07-17,38.93236977937846,56.541666666666664,7
2014-08-17,37.00451856930687,56.625,8
2014-09-17,35.12666735923534,56.708333333333336,9
2014-10-17,35.30881614916382,56.791666666666664,10
2014-11-17,36.820964939092335,56.875,11
2014-12-17,38.31311372902081,56.958333333333336,12
2015-01-17,39.305262518949235,57.041666666666664,1
2015-02-17,39.69741130887769,57.125,2
2015-03-17,40.829560098806155,57.208333333333336,3
2015-04-17,42.70170888873463,57.291666666666664,4
2015-05-17,43.28385767866308,57.375,5
2015-06-17,41.99600646859153,57.458333333333336,6
2015-07-17,40.658155258520026,57.541666666666664,7
2015-08-17,37.98030404844849,57.625,8
2015-09-17,36.41245283837691,57.708333333333336,9
2015-10-17,37.124601628305356,57.791666666666664,10
2015-11-17,39.01675041823387,57.875,11
2015-12-17,40.59889920816232,57.958333333333336,12
2016-01-17,41.29104799809079,58.041666666666664,1
2016-02-17,42.73319678801926,58.125,2
2016-03-17,43.35534557794773,58.208333333333336,3
2016-04-17,46.00749436787618,58.291666666666664,4
2016-05-17,46.029643157804685,58.375,5
2016-06-17,45.301791947733136,58.458333333333336,6
2016-07-17,42.733940737661555,58.541666666666664,7
2016-08-17,40.40608952759004,58.625,8
2016-09-17,39.1082383175185,58.708333333333336,9
2016-10-17,39.530387107446984,58.791666666666664,10
2016-11-17,41.602535897375446,58.875,11
2016-12-17,42.44468468730389,58.958333333333336,12
2017-01-17,43.89683347723235,59.041666666666664,1
2017-02-17,44.39898226716082,59.125,2
2017-03-17,44.75113105708931,59.208333333333336,3
2017-04-17,46.573279847017716,59.291666666666664,4
2017-05-17,47.46542863694623,59.375,5
2017-06-17,46.607577426874684,59.458333333333336,6
2017-07-17,44.619726216803144,59.541666666666664,7
2017-08-17,42.591875006731584,59.625,8
2017-09-17,40.55402379666003,59.708333333333336,9
2017-10-17,40.856172586588514,59.791666666666664,10
2017-11-17,42.31832137651702,59.875,11
2017-12-17,43.83047016644548,59.958333333333336,12
2018-01-17,45.06261895637391,60.041666666666664,1
2018-02-17,45.28476774630235,60.125,2
2018-03-17,46.12691653623085,60.208333333333336,3
2018-04-17,47.10906532615934,60.291666666666664,4
2018-05-17,48.041214116087815,60.375,5
2018-06-17,47.55336290601622,60.458333333333336,6
2018-07-17,45.505511695944676,60.541666666666664,7
2018-08-17,43.6376604858732,60.625,8
2018-09-17,42.059809275801626,60.708333333333336,9
2018-10-17,42.39195806573014,60.791666666666664,10
2018-11-17,44.45410685565855,60.875,11
2018-12-17,45.49625564558704,60.958333333333336,12
2019-01-17,47.118404435515515,61.041666666666664,1
2019-02-17,47.790553225444,61.125,2
2019-03-17,48.062702015372395,61.208333333333336,3
2019-04-17,49.51485080530085,61.291666666666664,4
2019-05-17,50.75699959522933,61.375,5
2019-06-17,49.8191483851578,61.458333333333336,6
2019-07-17,47.641297175086265,61.541666666666664,7
2019-08-17,45.8034459650147,61.625,8
2019-09-17,44.205594754943206,61.708333333333336,9
